FirstName,LastName,DisplayName,EmpCode,OU
,,,,Manila | BPS | FifthThird
,,,,Manila | BPS | FifthThird
,,,,Manila | BPS | FifthThird
,,,,Manila | BPS | FifthThird
,,,,Manila | BPS | FifthThird
,,,,Manila | BPS | FifthThird
,,,,Manila | BPS | FifthThird
,,,,Manila | BPS | FifthThird
,,,,Manila | BPS | FifthThird
,,,,Manila | BPS | FifthThird
,,,,Manila | BPS | FifthThird
,,,,Manila | BPS | FifthThird
,,,,Manila | BPS | FifthThird
,,,,Manila | BPS | FifthThird
,,,,Manila | BPS | FifthThird
,,,,Manila | BPS | FifthThird
,,,,Manila | BPS | FifthThird
,,,,Manila | BPS | FifthThird
,,,,Manila | BPS | FifthThird
,,,,Manila | BPS | FifthThird
,,,,Manila | BPS | FifthThird
,,,,Manila | BPS | FifthThird
,,,,Manila | BPS | FifthThird
,,,,Manila | BPS | FifthThird
,,,,Manila | BPS | FifthThird
,,,,Manila | BPS | FifthThird
,,,,Manila | BPS | FifthThird
,,,,Manila | BPS | FifthThird
,,,,Manila | BPS | FifthThird
,,,,Manila | BPS | FifthThird
,,,,Manila | BPS | FifthThird
,,,,Manila | BPS | FifthThird
,,,,Manila | BPS | FifthThird
,,,,Manila | BPS | FifthThird
,,,,Manila | BPS | FifthThird
,,,,Manila | BPS | FifthThird
,,,,Manila | BPS | FifthThird
,,,,Manila | BPS | FifthThird
,,,,Manila | BPS | FifthThird
,,,,Manila | BPS | FifthThird
,,,,Manila | BPS | FifthThird
,,,,Manila | BPS | FifthThird
,,,,Manila | BPS | FifthThird
,,,,Manila | BPS | FifthThird
,,,,Manila | BPS | FifthThird
,,,,Manila | BPS | FifthThird
,,,,Manila | BPS | FifthThird
,,,,Manila | BPS | FifthThird
,,,,Manila | BPS | FifthThird
,,,,Manila | BPS | FifthThird
,,,,Manila | BPS | FifthThird
,,,,Manila | BPS | FifthThird
